Modelo,Precision@10,Recall@10,NDCG@10
CB,0.07500000000000001,0.75,0.48659865758929655
KNN,0.07500000000000001,0.75,0.48659865758929655
K-Means,0.07500000000000001,0.75,0.4829899373088597
SVD,0.0,0.0,0.0
XGBoost,0.0,0.0,0.0
Híbrido (RRF),0.07500000000000001,0.75,0.48659865758929655
